title_42_,author_74_,NON-FICTION,SELF-HELP
title_87_87_87_8,author_93_93_,NON-FICTION,TRAVEL
title_56_56_56_5,author_78_,FICTION,CRIME
title_12_12_12_,author_36_36_,FICTION,HISTORY
title_50_50_50_5,author_90_90_,NON-FICTION,BIOGRAPHY
title_7_7,author_53_53_53_,NON-FICTION,BIOGRAPHY
title_71_71_71_,author_54_54_54_,FICTION,HORROR
title_19_19_,author_90_90_,FICTION,HORROR
title_71_71_71_,author_18_,NON-FICTION,REFERENCE
title_2_2_2_2_2_,author_38_38_,FICTION,FANTASY
title_19_19_,author_56_56_56_,NON-FICTION,HISTORY
title_59_59_59_5,author_94_94_,NON-FICTION,REFERENCE
title_91,author_47_,FICTION,ADVENTURE
title_60,author_61_61_,FICTION,MYSTERY
title_39_39_39,author_8_8_8_8_8,FICTION,MYSTERY
title_25_25_25_2,author_49_,FICTION,MYSTERY
title_50_50_50_5,author_66_66_,NON-FICTION,BIOGRAPHY
title_61_61_61,author_48_,NON-FICTION,COOKING
title_44_44_,author_9_9,FICTION,ADVENTURE
title_42_,author_83_83_83_,NON-FICTION,SELF-HELP
title_90_90,author_53_53_53_,NON-FICTION,BIOGRAPHY
title_70_,author_48_,NON-FICTION,TRAVEL
title_50_50_50_5,author_64_64_,NON-FICTION,COOKING
title_31_31,author_6_6,NON-FICTION,SELF-HELP
title_95_95_95,author_5_5_5_5_5,FICTION,MYSTERY
title_83_8,author_28_28_28_,NON-FICTION,BIOGRAPHY
title_34_34,author_79_,FICTION,FANTASY
title_24_2,author_25_25_25_,FICTION,HISTORY
title_79_,author_92_92_,NON-FICTION,HISTORY
title_61_61_61,author_65_65_,FICTION,MYSTERY
title_85_85_8,author_95_95_,NON-FICTION,BIOGRAPHY
title_98_98_98,author_17_,NON-FICTION,HISTORY
title_17_,author_31_31_,FICTION,MYSTERY
title_65_65,author_93_93_,FICTION,CRIME
title_35,author_44_,NON-FICTION,TRAVEL
title_76_,author_57_57_57_,FICTION,MYSTERY
title_7_7,author_50_50_50_,FICTION,HORROR
title_95_95_95,author_27_27_27_,NON-FICTION,HISTORY
title_99_99,author_28_28_28_,FICTION,FANTASY
title_14_,author_34_34_,FICTION,HISTORY
title_41_41_,author_62_62_,FICTION,ROMANCE
title_42_,author_59_59_59_,NON-FICTION,REFERENCE
title_7_7,author_97_97_,NON-FICTION,HISTORY
title_94,author_73_,NON-FICTION,HISTORY
title_96_96,author_16_,FICTION,FANTASY
title_47_47_,author_7_7_7_,FICTION,MYSTERY
title_60,author_8_8_8_8_8,NON-FICTION,REFERENCE
title_26_26_2,author_17_,NON-FICTION,SELF-HELP
title_85_85_8,author_4_4_4_,FICTION,CRIME
title_34_34,author_96_96_,FICTION,FANTASY
title_42_,author_92_92_,NON-FICTION,REFERENCE
title_58_5,author_20_20_20_,FICTION,ADVENTURE
title_76_,author_42_,NON-FICTION,COOKING
title_30_30_30,author_52_52_52_,FICTION,ADVENTURE
title_85_85_8,author_88_88_88_,NON-FICTION,CRIME
title_97,author_95_95_,NON-FICTION,REFERENCE
title_15_15_15_,author_58_58_58_,FICTION,HORROR
title_80_8,author_97_97_,FICTION,ROMANCE
title_63,author_15_,NON-FICTION,REFERENCE
title_99_99,author_36_36_,FICTION,SCI-FI
title_48_,author_30_30_,FICTION,ROMANCE
title_21_2,author_95_95_,FICTION,FANTASY
title_64_64_64,author_10_,NON-FICTION,COOKING
title_90_90,author_16_,FICTION,MYSTERY
title_83_8,author_35_35_,NON-FICTION,BIOGRAPHY
title_85_85_8,author_73_,NON-FICTION,TRAVEL
title_91,author_43_,FICTION,SCI-FI
title_53_53_53_5,author_67_67_,FICTION,FANTASY
title_75_75_,author_27_27_27_,NON-FICTION,HISTORY
title_75_75_,author_74_,FICTION,FANTASY
title_24_2,author_2_2_2_2_2,FICTION,MYSTERY
title_93_93,author_37_37_,FICTION,HORROR
title_100_100_,author_12_,FICTION,CRIME
title_78_78_,author_3_3,FICTION,ROMANCE
title_63,author_6_6,NON-FICTION,TRAVEL
title_44_44_,author_67_67_,FICTION,CRIME
title_66,author_49_,FICTION,HISTORY
title_21_2,author_73_,NON-FICTION,BIOGRAPHY
title_93_93,author_14_,FICTION,HORROR
title_41_41_,author_59_59_59_,FICTION,SCI-FI
title_70_,author_91_91_,FICTION,HORROR
title_33_33_33,author_33_33_,NON-FICTION,REFERENCE
title_24_2,author_3_3,NON-FICTION,COOKING
title_11_,author_7_7_7_,FICTION,ADVENTURE
title_27_2,author_33_33_,FICTION,HORROR
title_31_31,author_28_28_28_,FICTION,CRIME
title_14_,author_59_59_59_,FICTION,ROMANCE
title_76_,author_79_,NON-FICTION,CRIME
title_70_,author_9_9,FICTION,HORROR
title_9_,author_35_35_,FICTION,CRIME
title_38,author_33_33_,FICTION,HISTORY
title_37_37,author_83_83_83_,FICTION,ADVENTURE
title_97,author_54_54_54_,NON-FICTION,TRAVEL
title_28_28_28_2,author_35_35_,NON-FICTION,TRAVEL
title_48_,author_33_33_,FICTION,ADVENTURE
title_69,author_79_,FICTION,CRIME
title_82_82_8,author_29_29_29_,NON-FICTION,HISTORY
title_86_8,author_31_31_,FICTION,ADVENTURE
title_19_19_33,author_47_,FICTION,HISTORY
title_19_19_42,author_47_,NON-FICTION,COOKING
