39,title_30_30_30,author_52_52_52_,Murrayfield
12,title_25_25_25_2,author_49_,Morningside
93,title_59_59_59_5,author_94_94_,Drum Brae
66,title_70_,author_9_9,Craiglockhart
147,title_42_,author_74_,Leith
120,title_17_,author_31_31_,Morningside
201,title_35,author_44_,Inverleith
174,title_2_2_2_2_2_,author_38_38_,Corstorphine
5,title_44_44_,author_67_67_,Leith Walk
228,title_35,author_44_,Craigentinny
59,title_94,author_73_,Fountainbridge
32,title_79_,author_92_92_,Newington
113,title_66,author_49_,Craigmillar
86,title_71_71_71_,author_54_54_54_,Murrayfield
167,title_24_2,author_3_3,Forth
140,title_24_2,author_25_25_25_,Gilmerton
221,title_95_95_95,author_5_5_5_5_5,Craigmillar
194,title_76_,author_57_57_57_,Craiglockhart
25,title_86_8,author_31_31_,Drum Brae
248,title_48_,author_30_30_,Corstorphine
79,title_21_2,author_95_95_,Morningside
52,title_100_100_,author_12_,Southside
133,title_95_95_95,author_27_27_27_,Inverleith
106,title_98_98_98,author_17_,Liberton
187,title_71_71_71_,author_54_54_54_,Newington
160,title_25_25_25_2,author_49_,Drum Brae
241,title_61_61_61,author_48_,Craiglockhart
214,title_37_37,author_83_83_83_,Duddingston
45,title_70_,author_9_9,Craigmillar
18,title_95_95_95,author_5_5_5_5_5,Drum Brae
99,title_19_19_,author_90_90_,Inverleith
72,title_42_,author_74_,Sighthill
175,title_17_,author_31_31_,Sighthill
148,title_76_,author_79_,Gorgie
229,title_87_87_87_8,author_93_93_,Murrayfield
202,title_24_2,author_2_2_2_2_2,Craiglockhart
33,title_95_95_95,author_27_27_27_,Craigentinny
6,title_19_19_33,author_47_,Gorgie
87,title_99_99,author_28_28_28_,Morningside
60,title_24_2,author_25_25_25_,Leith Walk
141,title_79_,author_92_92_,Morningside
114,title_31_31,author_6_6,Duddingston
195,title_47_47_,author_7_7_7_,Portobello
168,title_12_12_12_,author_36_36_,Fairmilehead
249,title_42_,author_92_92_,Colinton
222,title_50_50_50_5,author_66_66_,City Centre
53,title_76_,author_42_,Colinton
26,title_26_26_2,author_17_,Liberton
107,title_19_19_,author_90_90_,Murrayfield
80,title_42_,author_74_,Inverleith
161,title_75_75_,author_74_,Gorgie
134,title_70_,author_9_9,Fountainbridge
215,title_97,author_95_95_,Pentland Hills
188,title_85_85_8,author_95_95_,Leith
19,title_95_95_95,author_5_5_5_5_5,Morningside
242,title_11_,author_7_7_7_,Drum Brae
73,title_78_78_,author_3_3,Forth
46,title_71_71_71_,author_18_,Pentland Hills
127,title_63,author_6_6,Morningside
100,title_60,author_61_61_,Forth
181,title_99_99,author_28_28_28_,Craiglockhart
154,title_79_,author_92_92_,Gorgie
235,title_11_,author_7_7_7_,Portobello
208,title_56_56_56_5,author_78_,Gilmerton
61,title_9_,author_35_35_,Gorgie
34,title_30_30_30,author_52_52_52_,Liberton
115,title_30_30_30,author_52_52_52_,Fairmilehead
88,title_97,author_95_95_,Almond
169,title_85_85_8,author_4_4_4_,Gorgie
142,title_31_31,author_6_6,Morningside
223,title_56_56_56_5,author_78_,Gilmerton
196,title_80_8,author_97_97_,Drum Brae
27,title_19_19_33,author_47_,Sighthill
250,title_9_,author_35_35_,Leith Walk
81,title_48_,author_30_30_,Craiglockhart
54,title_85_85_8,author_88_88_88_,Murrayfield
135,title_75_75_,author_27_27_27_,Portobello
108,title_63,author_6_6,Liberton
189,title_47_47_,author_7_7_7_,Pentland Hills
162,title_7_7,author_53_53_53_,Leith Walk
243,title_12_12_12_,author_36_36_,Duddingston
216,title_7_7,author_97_97_,Almond
47,title_24_2,author_3_3,Duddingston
20,title_44_44_,author_9_9,Drum Brae
101,title_21_2,author_95_95_,Leith
74,title_12_12_12_,author_36_36_,Corstorphine
155,title_97,author_54_54_54_,Craigentinny
128,title_25_25_25_2,author_49_,Gorgie
209,title_91,author_47_,Almond
182,title_42_,author_92_92_,Colinton
13,title_61_61_61,author_65_65_,Southside
236,title_9_,author_35_35_,Fountainbridge
67,title_93_93,author_37_37_,Gyle
40,title_63,author_15_,Portobello
121,title_41_41_,author_59_59_59_,Leith
94,title_85_85_8,author_73_,Craigentinny
197,title_75_75_,author_27_27_27_,Leith
170,title_78_78_,author_3_3,Craigentinny
1,title_70_,author_48_,Pentland Hills
224,title_97,author_54_54_54_,Gilmerton
55,title_39_39_39,author_8_8_8_8_8,Southside
28,title_97,author_54_54_54_,Liberton
109,title_19_19_33,author_47_,Murrayfield
82,title_75_75_,author_74_,Forth
163,title_24_2,author_2_2_2_2_2,Inverleith
136,title_95_95_95,author_27_27_27_,Gyle
217,title_85_85_8,author_4_4_4_,Gyle
190,title_95_95_95,author_27_27_27_,City Centre
21,title_9_,author_35_35_,Pentland Hills
244,title_30_30_30,author_52_52_52_,Gorgie
75,title_24_2,author_2_2_2_2_2,Gorgie
48,title_96_96,author_16_,Murrayfield
129,title_91,author_43_,Craiglockhart
102,title_48_,author_33_33_,Gyle
183,title_93_93,author_37_37_,Portobello
156,title_61_61_61,author_48_,Fountainbridge
237,title_42_,author_83_83_83_,Duddingston
210,title_50_50_50_5,author_64_64_,Leith Walk
41,title_12_12_12_,author_36_36_,Fairmilehead
14,title_76_,author_79_,Almond
95,title_48_,author_33_33_,Drum Brae
68,title_75_75_,author_27_27_27_,Murrayfield
149,title_97,author_54_54_54_,Portobello
122,title_12_12_12_,author_36_36_,Gyle
203,title_38,author_33_33_,Gyle
176,title_24_2,author_25_25_25_,Duddingston
7,title_83_8,author_35_35_,Craigentinny
230,title_99_99,author_36_36_,Sighthill
83,title_34_34,author_79_,Forth
56,title_24_2,author_3_3,Murrayfield
137,title_44_44_,author_9_9,Drum Brae
110,title_33_33_33,author_33_33_,Craiglockhart
191,title_87_87_87_8,author_93_93_,Almond
164,title_2_2_2_2_2_,author_38_38_,Newington
245,title_35,author_44_,Portobello
218,title_65_65,author_93_93_,Fairmilehead
49,title_37_37,author_83_83_83_,Gilmerton
22,title_83_8,author_28_28_28_,Craiglockhart
103,title_12_12_12_,author_36_36_,Leith Walk
76,title_99_99,author_36_36_,Gyle
157,title_27_2,author_33_33_,City Centre
130,title_65_65,author_93_93_,Murrayfield
211,title_91,author_43_,Leith
184,title_60,author_8_8_8_8_8,Almond
15,title_7_7,author_53_53_53_,Almond
238,title_37_37,author_83_83_83_,Corstorphine
69,title_75_75_,author_74_,Gilmerton
42,title_31_31,author_6_6,Portobello
123,title_58_5,author_20_20_20_,Pentland Hills
96,title_63,author_15_,Inverleith
177,title_24_2,author_3_3,Craiglockhart
150,title_34_34,author_79_,Portobello
231,title_76_,author_79_,Liberton
204,title_86_8,author_31_31_,Gorgie
35,title_94,author_73_,Leith Walk
8,title_11_,author_7_7_7_,Fountainbridge
89,title_28_28_28_2,author_35_35_,Newington
62,title_85_85_8,author_4_4_4_,Corstorphine
143,title_90_90,author_53_53_53_,Craigmillar
116,title_30_30_30,author_52_52_52_,Drum Brae
219,title_64_64_64,author_10_,Craigmillar
192,title_19_19_,author_56_56_56_,City Centre
23,title_27_2,author_33_33_,Craiglockhart
246,title_31_31,author_6_6,Leith
77,title_97,author_54_54_54_,Gyle
50,title_26_26_2,author_17_,Duddingston
131,title_94,author_73_,Southside
104,title_90_90,author_16_,City Centre
185,title_33_33_33,author_33_33_,Forth
158,title_60,author_8_8_8_8_8,Morningside
239,title_76_,author_79_,Almond
212,title_100_100_,author_12_,Drum Brae
43,title_64_64_64,author_10_,Southside
16,title_25_25_25_2,author_49_,Sighthill
97,title_50_50_50_5,author_90_90_,Forth
70,title_71_71_71_,author_18_,Liberton
151,title_19_19_,author_56_56_56_,Pentland Hills
124,title_69,author_79_,Gilmerton
205,title_34_34,author_96_96_,Corstorphine
178,title_60,author_8_8_8_8_8,Portobello
9,title_50_50_50_5,author_90_90_,Drum Brae
232,title_65_65,author_93_93_,Inverleith
63,title_50_50_50_5,author_66_66_,Colinton
36,title_79_,author_92_92_,Craigentinny
117,title_70_,author_48_,Almond
90,title_86_8,author_31_31_,Duddingston
171,title_7_7,author_50_50_50_,Craiglockhart
144,title_83_8,author_28_28_28_,Portobello
225,title_41_41_,author_62_62_,City Centre
198,title_7_7,author_97_97_,Leith Walk
29,title_66,author_49_,Liberton
2,title_34_34,author_79_,Craigmillar
105,title_7_7,author_50_50_50_,Forth
78,title_99_99,author_28_28_28_,Inverleith
159,title_99_99,author_36_36_,Craiglockhart
132,title_12_12_12_,author_36_36_,Leith
213,title_7_7,author_50_50_50_,Inverleith
186,title_61_61_61,author_48_,Duddingston
17,title_70_,author_91_91_,Morningside
240,title_91,author_43_,Southside
71,title_58_5,author_20_20_20_,Leith Walk
44,title_56_56_56_5,author_78_,Pentland Hills
125,title_99_99,author_36_36_,Craigmillar
98,title_15_15_15_,author_58_58_58_,Leith
179,title_95_95_95,author_5_5_5_5_5,Leith
152,title_63,author_6_6,Pentland Hills
233,title_82_82_8,author_29_29_29_,City Centre
206,title_63,author_6_6,Sighthill
37,title_38,author_33_33_,Almond
10,title_97,author_95_95_,Craigentinny
91,title_44_44_,author_9_9,Portobello
64,title_85_85_8,author_73_,Fountainbridge
145,title_78_78_,author_3_3,Gyle
118,title_79_,author_92_92_,Fairmilehead
199,title_59_59_59_5,author_94_94_,Leith Walk
172,title_42_,author_83_83_83_,Gyle
3,title_97,author_54_54_54_,Fountainbridge
226,title_50_50_50_5,author_64_64_,Newington
57,title_9_,author_35_35_,Craigmillar
30,title_95_95_95,author_27_27_27_,Duddingston
111,title_42_,author_59_59_59_,Sighthill
84,title_87_87_87_8,author_93_93_,City Centre
165,title_44_44_,author_9_9,City Centre
138,title_97,author_95_95_,Drum Brae
173,title_91,author_47_,Inverleith
146,title_85_85_8,author_73_,Morningside
227,title_59_59_59_5,author_94_94_,Liberton
200,title_27_2,author_33_33_,City Centre
31,title_24_2,author_2_2_2_2_2,Almond
4,title_99_99,author_28_28_28_,Corstorphine
85,title_91,author_43_,City Centre
58,title_26_26_2,author_17_,Craiglockhart
139,title_53_53_53_5,author_67_67_,Drum Brae
112,title_99_99,author_36_36_,City Centre
193,title_19_19_42,author_47_,Corstorphine
166,title_69,author_79_,Sighthill
247,title_70_,author_48_,Fountainbridge
220,title_30_30_30,author_52_52_52_,Duddingston
51,title_34_34,author_96_96_,Newington
24,title_35,author_44_,Craiglockhart
207,title_42_,author_83_83_83_,Almond
180,title_24_2,author_2_2_2_2_2,Almond
11,title_95_95_95,author_27_27_27_,Fairmilehead
234,title_58_5,author_20_20_20_,City Centre
65,title_34_34,author_79_,Fountainbridge
38,title_83_8,author_28_28_28_,Craiglockhart
119,title_95_95_95,author_5_5_5_5_5,Colinton
92,title_19_19_33,author_47_,Sighthill
153,title_50_50_50_5,author_64_64_,Fairmilehead
126,title_83_8,author_35_35_,Southside
